{"cameraMode":{"drawMode":0,"name":"Shaded","section":"Shading Mode"},"sceneLighting":false,"audioPlay":false,"sceneViewState":{"m_AlwaysRefresh":false,"showFog":true,"showSkybox":false,"showFlares":true,"showImageEffects":true,"showParticleSystems":true,"showVisualEffectGraphs":true,"m_FxEnabled":true},"in2DMode":false,"pivot":{"x":0.8372665643692017,"y":0.5512316823005676,"z":1.331305980682373},"rotation":{"x":0.054905299097299579,"y":-0.9441572427749634,"z":0.2013864368200302,"w":0.2544657289981842},"size":0.39033061265945437,"orthographic":false}